[
    {
        "name": "Aymara–Español (F.Layme)",
        "author": "Félix Layme Pairumani, et al.",
        "description": "Diccionario Bilingüe: Aymara – Castellano, 5a ed. versión actualizada y corregida, La Paz, Bolivia: 2011, 507pp.",
        "file": "ay_es_fe.db",
        "url": "https://ketanolab.com/simidic/ay_es_fe.db",
        "size": "2.1 MB",
        "version": 1
    },
    {
        "name": "Español–Aymara (F.Layme)",
        "author": "Félix Layme Pairumani, et al.",
        "description": "Diccionario Bilingüe: Aymara – Castellano, 5a ed. versión actualizada y corregida, La Paz, Bolivia: 2011, 507pp.",
        "file": "es_ay_fe.db",
        "url": "https://ketanolab.com/simidic/es_ay_fe.db",
        "size": "3.5 MB",
        "version": 1
    },
    
    {
        "name": "Aymara–Español (S.Callo)",
        "author": "Saturnino Callo Ticona",
        "description": "Diccionario Aymara-Castellano, Castellano-Aymara 'KAMISARAKI', 2a ed., Tacna, Perú: 2009. 507pp.",
        "file": "ay_es_sa.db",
        "url": "https://ketanolab.com/simidic/ay_es_sa.db",
        "size": "2.2 MB",
        "version": 1
    },
    {
        "name": "Español–Aymara (S.Callo)",
        "author": "Saturnino Callo Ticona",
        "description": "Diccionario Aymara-Castellano, Castellano-Aymara 'KAMISARAKI', 2a ed., Tacna, Perú: 2009, 507pp.",
        "file": "es_ay_sa.db",
        "url": "https://ketanolab.com/simidic/es_ay_sa.db",
        "size": "1.5 MB",
        "version": 1
    },
    
    {
        "name": "Aymara (ILCNA)",
        "author": "Instituto de Lengua y Cultura de la Nación Aymara (ILCNA)",
        "description": "Aru Pirwa Aymara, El Alto, Bolivia: 2021.",
        "file": "ay_ay_in.db",
        "url": "https://ketanolab.com/simidic/ay_ay_in.db",
        "size": "1.5 MB",
        "version": 1
    },
    
    {
        "name": "Aymara (Min.Edu.Perú)",
        "author": "N. Apaza Suca, D. Condori Cruz, M. N. Ramos Rojas",
        "description": "Yatiqirinaka Aru Pirwa, Qullawa Aymara Aru, Ministerio de Educación, Lima, Perú: 2005, 141pp.",
        "file": "ay_ay_ed.db",
        "url": "https://ketanolab.com/simidic/ay_ay_ed.db",
        "size": "455 KB",
        "version": 1
    },
    {
        "name": "Español–Aymara (Min.Edu.Perú)",
        "author": "N. Apaza Suca, D. Condori Cruz, M. N. Ramos Rojas",
        "description": "Yatiqirinaka Aru Pirwa, Qullawa Aymara Aru, Ministerio de Educación, Lima, Perú: 2005, 141pp.",
        "file": "es_ay_ed.db",
        "url": "https://ketanolab.com/simidic/es_ay_ed.db",
        "size": "44 KB",
        "version": 1
    },
    
    {
        "name": "Español–Aymara (G.Callisaya)",
        "author": "Gregorio Callisaya A. et al.",
        "description": "Glosario de Nuevos Términos Aimaras, Universidad Mayor de San Andrés Tecnologias de Información y Comunicación (UMSATIC), La Paz, Bolivia: 2005, 18pp.",
        "file": "es_ay_gr.db",
        "url": "https://ketanolab.com/simidic/es_ay_gr.db",
        "size": "115 KB",
        "version": 1
    },
    
    
    {
        "name": "Español–AY,QU,GN (Min.Ed.Bolivia)",
        "author": "Ministerio de Educación de Bolivia",
        "description": "Salustiano Ayma, José Barrientes y Gladys Márquez F., Arusimiñee: Castellano, Aymara, Guaraní, Quechua, La Paz, Bolivia: 2004, 121pp",
        "file": "es_qu_mi.db",
        "url": "https://ketanolab.com/simidic/es_qu_mi.db",
        "size": "797 KB",
        "version": 1
    },
    {
        "name": "Aymara–ES,QU,GN (Min.Ed.Bolivia)",
        "author": "Ministerio de Educación de Bolivia",
        "description": "Salustiano Ayma, José Barrientes y Gladys Márquez F., Arusimiñee: Castellano, Aymara, Guaraní, Quechua, La Paz, Bolivia: 2004, 121pp",
        "file": "ay_es_mi.db",
        "url": "https://ketanolab.com/simidic/ay_es_mi.db",
        "size": "870 KB",
        "version": 1
    },
    {
        "name": "Quechua–ES,AY,GN (Min.Ed.Bolivia)",
        "author": "Ministerio de Educación de Bolivia",
        "description": "Salustiano Ayma, José Barrientes y Gladys Márquez F., Arusimiñee: Castellano, Aymara, Guaraní, Quechua, La Paz, Bolivia: 2004, 121pp",
        "file": "qu_es_mi.db",
        "url": "https://ketanolab.com/simidic/qu_es_mi.db",
        "size": "968 KB",
        "version": 1
    },
    {
        "name": "Guaraní–ES,QU,AY (Min.Ed.Bolivia)",
        "author": "Ministerio de Educación de Bolivia",
        "description": "Salustiano Ayma, José Barrientes y Gladys Márquez F., Arusimiñee: Castellano, Aymara, Guaraní, Quechua, La Paz, Bolivia: 2004, 121pp",
        "file": "gn_es_mi.db",
        "url": "https://ketanolab.com/simidic/gn_es_mi.db",
        "size": "736 KB",
        "version": 1
    },
    
    
    {
        "name": "Español-Políglota (FCPFP)",
        "author": "Franciscanos de los Colegios de Propaganda Fide del Perú",
        "description": "Vocabulario Políglota Incaico: Comprende más de 12,000 voces castellanas y 100,000 de keshua del Cuzco, Ayacucho, Junín, Ancash y Aymará, Lima, Perú: 1905 [1998], 551pp.",
        "file": "es_po_fr.db",
        "url": "https://ketanolab.com/simidic/es_po_fr.db",
        "size": "10.2 MB",
        "version": 1
    },
    {
        "name": "Quechua Cuzco-Políglota (FCPFP)",
        "author": "Franciscanos de los Colegios de Propaganda Fide del Perú",
        "description": "Vocabulario Políglota Incaico: Comprende más de 12,000 voces castellanas y 100,000 de keshua del Cuzco, Ayacucho, Junín, Ancash y Aymará, Lima, Perú: 1905 [1998], 551pp.",
        "file": "qz_po_fr.db",
        "url": "https://ketanolab.com/simidic/qz_po_fr.db",
        "size": "18.3 MB",
        "version": 1
    },
    {
        "name": "Quechua Ayacucho-Políglota (FCPFP)",
        "author": "Franciscanos de los Colegios de Propaganda Fide del Perú",
        "description": "Vocabulario Políglota Incaico: Comprende más de 12,000 voces castellanas y 100,000 de keshua del Cuzco, Ayacucho, Junín, Ancash y Aymará, Lima, Perú: 1905 [1998], 551pp.",
        "file": "qy_po_fr.db",
        "url": "https://ketanolab.com/simidic/qy_po_fr.db",
        "size": "21.9 MB",
        "version": 1
    },
    {
        "name": "Quechua Ancash-Políglota (FCPFP)",
        "author": "Franciscanos de los Colegios de Propaganda Fide del Perú",
        "description": "Vocabulario Políglota Incaico: Comprende más de 12,000 voces castellanas y 100,000 de keshua del Cuzco, Ayacucho, Junín, Ancash y Aymará, Lima, Perú: 1905 [1998], 551pp.",
        "file": "qn_po_fr.db",
        "url": "https://ketanolab.com/simidic/qn_po_fr.db",
        "size": "17.2 MB",
        "version": 1
    },
    {
        "name": "Quechua Junín-Políglota (FCPFP)",
        "author": "Franciscanos de los Colegios de Propaganda Fide del Perú",
        "description": "Vocabulario Políglota Incaico: Comprende más de 12,000 voces castellanas y 100,000 de keshua del Cuzco, Ayacucho, Junín, Ancash y Aymará, Lima, Perú: 1905 [1998], 551pp.",
        "file": "qj_po_fr.db",
        "url": "https://ketanolab.com/simidic/qj_po_fr.db",
        "size": "25.0 MB",
        "version": 1
    },
    {
        "name": "Aymara-Políglota (FCPFP)",
        "author": "Franciscanos de los Colegios de Propaganda Fide del Perú",
        "description": "Vocabulario Políglota Incaico: Comprende más de 12,000 voces castellanas y 100,000 de keshua del Cuzco, Ayacucho, Junín, Ancash y Aymará, Lima, Perú: 1905 [1998], 551pp.",
        "file": "ay_po_fr.db",
        "url": "https://ketanolab.com/simidic/ay_po_fr.db",
        "size": "17.0 MB",
        "version": 1
    },
    
    
    {
        "name": "Español–Quechua (T.Laime)",
        "author": "Teófilo Laime Ajacopa, et al.",
        "description": "Diccionario Bilingüe, Iskay simipi yuyayk'ancha: Quechua – Castellano, Castellano – Quechua, La Paz, Bolivia: 2007, 444pp.",
        "file": "es_qu_te.db",
        "url": "https://ketanolab.com/simidic/es_qu_te.db",
        "size": "861 KB",
        "version": 1
    },
    {
        "name": "Quechua–Español (T.Laime)",
        "author": "Teófilo Laime Ajacopa, et al.",
        "description": "Diccionario Bilingüe, Iskay simipi yuyayk'ancha: Quechua – Castellano, Castellano – Quechua, La Paz, Bolivia: 2007, 444pp.",
        "file": "qu_es_te.db",
        "url": "https://ketanolab.com/simidic/qu_es_te.db",
        "size": "1.5 MB",
        "version": 1
    }, 
    
    {
        "name": "Quechua Boliviano–Español (ILCNQ)",
        "author": "Instituto de Lengua y Cultura de la Nación Quechua (ILCNQ)",
        "description": "Qhichwa simipirwa: Diccionario de la Nación Quechua, Cochabamba, Bolivia: 2018, 558pp.",
        "file": "qu_es_in.db",
        "url": "https://ketanolab.com/simidic/qu_es_in.db",
        "size": "3.3 MB",
        "version": 1
    },
    {
        "name": "Español–Quechua Boliviano (ILCNQ)",
        "author": "Instituto de Lengua y Cultura de la Nación Quechua (ILCNQ)",
        "description": "Qhichwa simipirwa: Diccionario de la Nación Quechua, Cochabamba, Bolivia: 2018, 558pp.",
        "file": "es_qu_in.db",
        "url": "https://ketanolab.com/simidic/es_qu_in.db",
        "size": "3.3 MB",
        "version": 1
    },
    
    {
        "name": "Quechua Cochabambino–Español (Herrero y Sánchez de Lozada)",
        "author": "Joaquín Herrero S.J. y Federico Sánchez de Lozada",
        "description": "Diccionario Quechua: Estructura semántica del quechua cochabambino contemporáneo, Cochabamba, Bolivia: 1983, 581pp.",
        "file": "qu_es_jo.db",
        "url": "https://ketanolab.com/simidic/qu_es_jo.db",
        "size": "12.6 MB",
        "version": 1
    },
    
    {
        "name": "Español–Quechua (AMLQ-Cusco)",
        "author": "Academia Mayor de la Lengua Quechua",
        "description": "Diccionario: Quechua - Español - Quechua, Qheswa - Español - Qheswa: Simi Taqe, 2da ed., Cusco, Perú: 2005, 928pp.",
        "file": "es_qu_am.db",
        "url": "https://ketanolab.com/simidic/es_qu_am.db",
        "size": "937 KB",
        "version": 1
    },
    {
        "name": "Quechua–Español (AMLQ-Cusco)",
        "author": "Academia Mayor de la Lengua Quechua",
        "description": "Diccionario: Quechua - Español - Quechua, Qheswa - Español - Qheswa: Simi Taqe, 2da ed., Cusco, Perú: 2005, 928pp.",
        "file": "qu_es_am.db",
        "url": "https://ketanolab.com/simidic/qu_es_am.db",
        "size": "4.1 MB",
        "version": 1
    },
    
    {
        "name": "Español–Quechua (AMLQ-Apurímac)",
        "author": "Academia Mayor de la Lengua Quechua filial Apurímac",
        "description": "Leoncio Gutiérrez Camacho, Leonidas Mantilla Gutiérrez y Shara Huaman Jullunila, Apurimaqpaq Runasimi Taqe, Diccionario de Quechua Apurimeño, Versión Preliminar, Abancay, Perú: feb. 2007, 130pp.",
        "file": "es_qu_ac.db",
        "url": "https://ketanolab.com/simidic/es_qu_ac.db",
        "size": "263 KB",
        "version": 1
    },
    {
        "name": "Quechua–Español (AMLQ-Apurímac)",
        "author": "Academia Mayor de la Lengua Quechua filial Apurímac",
        "description": "Leoncio Gutiérrez Camacho, Leonidas Mantilla Gutiérrez y Shara Huaman Jullunila, Apurimaqpaq Runasimi Taqe, Diccionario de Quechua Apurimeño, Versión Preliminar, Abancay, Perú: feb. 2007, 130pp.",
        "file": "qu_es_ac.db",
        "url": "https://ketanolab.com/simidic/qu_es_ac.db",
        "size": "283 KB",
        "version": 1
    },
    
    {
        "name": "Español–Quechua (G.Holguín)",
        "author": "Diego González Holguín",
        "description": "Vocabvlario de la Lengva General de todo Perv llamada lengua Qquichua, o del Inca, Lima, Perú: 1608 [1989], 707pp.",
        "file": "es_qu_di.db",
        "url": "https://ketanolab.com/simidic/es_qu_di.db",
        "size": "1.3 MB",
        "version": 1
    },
    {
        "name": "Quechua–Español (G.Holguín)",
        "author": "Diego González Holguín",
        "description": "Vocabvlario de la Lengva General de todo Perv llamada lengua Qquichua, o del Inca, Lima, Perú: 1608 [1989], 707pp.",
        "file": "qu_es_di.db",
        "url": "https://ketanolab.com/simidic/qu_es_di.db",
        "size": "1.5 MB",
        "version": 1
    },
    
    {
        "name": "Quechua–Español (R.Cerrón-Palomino)",
        "author": "Rodolfo Cerrón-Palomino",
        "description": "Quechua Sureño: Diccionario Unificado, Lima: Biblioteca Nacional del Perú, 1994, 139pp.",
        "file": "qu_es_ro.db",
        "url": "https://ketanolab.com/simidic/qu_es_ro.db",
        "size": "331 KB",
        "version": 1
    },
    {
        "name": "Español–Quechua (R.Cerrón-Palomino)",
        "author": "Rodolfo Cerrón-Palomino",
        "description": "Quechua Sureño: Diccionario Unificado, Lima: Biblioteca Nacional del Perú, 1994, 139pp.",
        "file": "es_qu_ro.db",
        "url": "https://ketanolab.com/simidic/es_qu_ro.db",
        "size": "154 KB",
        "version": 1
    },

    {
        "name": "Quechua Cuzco (Min.Edu.Perú)",
        "author": "Nonato Rufino Chuquimamani Valer",
        "description": " Yachakuqkunapaq Simi Qullqa, Qusqu Qullaw, Chichwa Simipi, Ministerio de Educación, Lima, Perú: 2005, 218pp.",
        "file": "qz_qz_ed.db",
        "url": "https://ketanolab.com/simidic/qz_qz_ed.db",
        "size": "799 KB",
        "version": 1
    },
    {
        "name": "Español–Quechua Cuzco (Min.Edu.Perú)",
        "author": "Nonato Rufino Chuquimamani Valer",
        "description": " Yachakuqkunapaq Simi Qullqa, Qusqu Qullaw, Chichwa Simipi, Ministerio de Educación, Lima, Perú: 2005, 218pp.",
        "file": "es_qz_ed.db",
        "url": "https://ketanolab.com/simidic/es_qz_ed.db",
        "size": "61 KB",
        "version": 1
    },
    
    {
        "name": "Quechua Ayacucho (Min.Edu.Perú)",
        "author": "G. Palomino Rojas y G. R. Quintero Bendezú",
        "description": "Yachakuqkunapa Simi Qullqa, Ayakuchu Chanka, Qichwa Simipi, Ministerio de Educación, Lima, Perú: 2005, 145pp.",
        "file": "qy_qy_ed.db",
        "url": "https://ketanolab.com/simidic/qy_qy_ed.db",
        "size": "419 KB",
        "version": 1
    },
    
    {
        "name": "Español–Quechua Ayacucho (Min.Edu.Perú)",
        "author": "G. Palomino Rojas y G. R. Quintero Bendezú",
        "description": "Yachakuqkunapa Simi Qullqa, Ayakuchu Chanka, Qichwa Simipi, Ministerio de Educación, Lima, Perú: 2005, 145pp.",
        "file": "es_qy_ed.db",
        "url": "https://ketanolab.com/simidic/es_qy_ed.db",
        "size": "43 KB",
        "version": 1
    },
    {
        "name": "Quechua Ancash (Min.Edu.Perú)",
        "author": "Leonel Alexander Menacho López",
        "description": "Yachakuqkunapa Shimi Qullqa, Anqash Qichwa Shimichaw, Ministerio de Educación, Lima, Perú: 2005, 131pp.",
        "file": "qn_qn_ed.db",
        "url": "https://ketanolab.com/simidic/qn_qn_ed.db",
        "size": "383 KB",
        "version": 1
    },
    {
        "name": "Español–Quechua Ancash (Min.Edu.Perú)",
        "author": "Leonel Alexander Menacho López",
        "description": "Yachakuqkunapa Shimi Qullqa, Anqash Qichwa Shimichaw, Ministerio de Educación, Lima, Perú: 2005, 131pp.",
        "file": "es_qn_ed.db",
        "url": "https://ketanolab.com/simidic/es_qn_ed.db",
        "size": "37 KB",
        "version": 1
    },    
    
    
    {
        "name": "Guaraní–Español (HABLE Guaraní)",
        "author": "Comité HABLE Guaraní",
        "description": "Ñaneñee-Rɨru Diccionario: Guaraní – Castellano, 2a edición, Charagua, Santa Cruz, Bolivia: 1996.",
        "file": "gn_es_co.db",
        "url": "https://ketanolab.com/simidic/gn_es_co.db",
        "size": "872 KB",
        "version": 1
    },
    {
        "name": "Español–Guaraní (HABLE Guaraní)",
        "author": "Comité HABLE Guaraní",
        "description": "Ñaneñee-Rɨru Diccionario: Castellano – Guaraní, 2a edición, Charagua, Santa Cruz, Bolivia: 1996.",
        "file": "es_gn_co.db",
        "url": "https://ketanolab.com/simidic/es_gn_co.db",
        "size": "811 KB",
        "version": 1
    },

    {
        "name": "Guaraní–Español (Ortiz y Caurey)",
        "author": "Elio Ortiz y Elías Caurey",
        "description": "Diccionario etimológico y etnográfico de la lengua guaraní hablada en Bolivia (Guaraní-Español), La Paz, Bolivia: Plural Editors, 2011, 474pp.",
        "file": "gn_es_el.db",
        "url": "https://ketanolab.com/simidic/gn_es_el.db",
        "size": "2.1 MB",
        "version": 1
    },
    {
        "name": "Español–Guaraní (Ortiz y Caurey)",
        "author": "Elio Ortiz y Elías Caurey",
        "description": "Diccionario etimológico y etnográfico de la lengua guaraní hablada en Bolivia (Guaraní-Español), La Paz, Bolivia: Plural Editors, 2011, 474pp.",
        "file": "es_gn_el.db",
        "url": "https://ketanolab.com/simidic/es_gn_el.db",
        "size": "115 KB",
        "version": 1
    },


    {
        "name": "Mapuche–Español (Wixaleyiñ)",
        "author": "Educación Mapuche Wixaleyiñ",
        "description": "Vocabulario Mapuche-Castellano, 2013, 96pp, https://sites.google.com/site/wixaleyin",
        "file": "ma_es_wi.db",
        "url": "https://ketanolab.com/simidic/ma_es_wi.db",
        "size": "314 KB",
        "version": 1
    },
    {
        "name": "Español–Mapuche (Wixaleyiñ)",
        "author": "Educación Mapuche Wixaleyiñ",
        "description": "Vocabulario Mapuche-Castellano, 2013, 96pp, https://sites.google.com/site/wixaleyin",
        "file": "es_ma_wi.db",
        "url": "https://ketanolab.com/simidic/es_ma_wi.db",
        "size": "119 KB",
        "version": 1
    },
    
    
    {
        "name": "Mochó–Español (A.Guzmán)",
        "author": "Alonso Guzmán",
        "description": "Manual Mochó, Mexico: 2004.",
        "file": "mc_es_al.db",
        "url": "https://ketanolab.com/simidic/mc_es_al.db",
        "size": "45 KB",
        "version": 1
    },
    {
        "name": "Español–Mochó (A.Guzmán)",
        "author": "Alonso Guzmán",
        "description": "Manual Mochó, Mexico: 2004.",
        "file": "es_mc_al.db",
        "url": "https://ketanolab.com/simidic/es_mc_al.db",
        "size": "45 KB",
        "version": 1
    },
    
    
    {
        "name": "Mojeño Ignaciano–Español (ILCMI-SCM)",
        "author": "Instituto de Lengua y Cultura Mojeño Ignaciano “Salvador Chappy Muibar”",
        "description": "Diccionario Mojeño Ignaciano, San Ignacio de Moxos, Bolivia: 2021.",
        "file": "ig_es_in.db",
        "url": "https://ketanolab.com/simidic/ig_es_in.db",
        "size": "1.0 MB",
        "version": 1
    },
    {
        "name": "Español–Mojeño Ignaciano (ILCMI-SCM)",
        "author": "Instituto de Lengua y Cultura Mojeño Ignaciano “Salvador Chappy Muibar”",
        "description": "Diccionario Mojeño Ignaciano, San Ignacio de Moxos, Bolivia: 2021.",
        "file": "es_ig_in.db",
        "url": "https://ketanolab.com/simidic/es_ig_in.db",
        "size": "1.9 MB",
        "version": 1
    },
    {
        "name": "Mojeño Trinitario–Español (ILCMT-JSNG)",
        "author": "Instituto de Lengua y Cultura Mojeño Trinitario “José Santos Noco Guaji”",
        "description": "Taechirawkoriono Vechjiriiwo Trinranono: Diccionario Idioma Trinitario, Santa Cruz, Bolivia: 2021, 130pp.",
        "file": "tr_es_in.db",
        "url": "https://ketanolab.com/simidic/tr_es_in.db",
        "size": "322 KB",
        "version": 1
    },
    {
        "name": "Español–Mojeño Trinitario (ILCMT-JSNG)",
        "author": "Instituto de Lengua y Cultura Mojeño Trinitario “José Santos Noco Guaji”",
        "description": "Taechirawkoriono Vechjiriiwo Trinranono: Diccionario Idioma Trinitario, Santa Cruz, Bolivia: 2021, 130pp.",
        "file": "es_tr_in.db",
        "url": "https://ketanolab.com/simidic/es_tr_in.db",
        "size": "321 KB",
        "version": 1
    },


    {
        "name": "Mosetén–Español (OPIM)",
        "author": "Organización de los Pueblos Indígenas Mosetén y UMSS–PROEIB Andes",
        "description": "Kirjka pheyakdye' tïmsi' tsinsi'khan kastellanokhan: Diccionario Mosetén-Castellano, Castellano-Mosetén, Cochabamba, Bolivia: 2011, 131pp.",
        "file": "mo_es_or.db",
        "url": "https://ketanolab.com/simidic/mo_es_or.db",
        "size": "448 KB",
        "version": 1
    },
    {
        "name": "Español–Mosetén (OPIM)",
        "author": "Organización de los Pueblos Indígenas Mosetén y UMSS–PROEIB Andes",
        "description": "Kirjka pheyakdye' tïmsi' tsinsi'khan kastellanokhan: Diccionario Mosetén-Castellano, Castellano-Mosetén, Cochabamba, Bolivia: 2011, 131pp.",
        "file": "es_mo_or.db",
        "url": "https://ketanolab.com/simidic/es_mo_or.db",
        "size": "373 KB",
        "version": 1
    },
    
    
    {
        "name": "Movima–Español (PEIB-Movima)",
        "author": "PEIB-Movima",
        "description": "Melvin Rossel Yoqui, et al., Diccionario Movima, Programa de Educación Intercultural Bilingüe-Movima, Santa Cruz, Bolivia: 2007, 72pp.",
        "file": "mo_es_pe.db",
        "url": "https://ketanolab.com/simidic/mo_es_pe.db",
        "size": "176 KB",
        "version": 1
    },
    {
        "name": "Español–Movima (PEIB-Movima)",
        "author": "PEIB-Movima",
        "description": "Melvin Rossel Yoqui, et al., Diccionario Movima, Programa de Educación Intercultural Bilingüe-Movima, Santa Cruz, Bolivia: 2007, 72pp.",
        "file": "es_mo_pe.db",
        "url": "https://ketanolab.com/simidic/es_mo_pe.db",
        "size": "169 KB",
        "version": 1
    },
    
    
    {
        "name": "Takana–Español (CIPTA)",
        "author": "CIPTA y UMSS-PROEIB Andes",
        "description": "Alejandro Marupa Beyuma, et al., Mimi butsepi Takana-Kastillanu, Kastillanu-Takana: Diccionario Takana-Castellano, Castellano-Takana, Consejo Indígena de los Pueblos Takana, Bolivia: 2011, 206pp.",
        "file": "ta_es_ci.db",
        "url": "https://ketanolab.com/simidic/ta_es_ci.db",
        "size": "961 KB",
        "version": 1
    },
    {
        "name": "Español–Takana (CIPTA)",
        "author": "CIPTA y UMSS-PROEIB Andes",
        "description": "Alejandro Marupa Beyuma, et al., Mimi butsepi Takana-Kastillanu, Kastillanu-Takana: Diccionario Takana-Castellano, Castellano-Takana, Consejo Indígena de los Pueblos Takana, Bolivia: 2011, 206pp.",
        "file": "es_ta_ci.db",
        "url": "https://ketanolab.com/simidic/es_ta_ci.db",
        "size": "687 KB",
        "version": 1
    },    
    
    
    {
        "name": "Tsimane'–Español (PEIB-Tsimane')",
        "author": "PEIB-Tsimane'",
        "description": "Cándido Nery, et al., Diccionario Tsimane', Programa de Educación Intercultural Bilingüe-Tsimane', Santa Cruz, Bolivia: 2007, 161pp.",
        "file": "ts_es_pe.db",
        "url": "https://ketanolab.com/simidic/ts_es_pe.db",
        "size": "348 KB",
        "version": 1
    },
    {
        "name": "Español–Tsimane' (PEIB-Tsimane')",
        "author": "PEIB-Tsimane'",
        "description": "Cándido Nery, et al., Diccionario Tsimane', Programa de Educación Intercultural Bilingüe-Tsimane', Santa Cruz, Bolivia: 2007, 161pp.",
        "file": "es_ts_pe.db",
        "url": "https://ketanolab.com/simidic/es_ts_pe.db",
        "size": "369 KB",
        "version": 1
    },
    

    {
        "name": "Uru–Español (K.Hannß)",
        "author": "Katja Hannß",
        "description": "Vocabulario Uru: Uchumataqu-Castellano, 2013.",
        "file": "ur_es_kh.db",
        "url": "https://ketanolab.com/simidic/ur_es_kh.db",
        "size": "3.6 MB",
        "version": 1
    },
    {
        "name": "Español–Uru (K.Hannß)",
        "author": "Katja Hannß",
        "description": "Vocabulario Uru: Castellano-Uchumataqu, 2013.",
        "file": "es_ur_kh.db",
        "url": "https://ketanolab.com/simidic/es_ur_kh.db",
        "size": "1.2 MB",
        "version": 1
    },
    {
        "name": "English–Uru (K.Hannß)",
        "author": "Katja Hannß",
        "description": "Vocabulario Uru: English-Uchumataqu, 2013.",
        "file": "en_ur_kh.db",
        "url": "https://ketanolab.com/simidic/en_ur_kh.db",
        "size": "1.2 MB",
        "version": 1
    },
    {
        "name": "Deutsch–Uru (K.Hannß)",
        "author": "Katja Hannß",
        "description": "Vocabulario Uru: Deutsch-Uchumataqu, 2013.",
        "file": "de_ur_kh.db",
        "url": "https://ketanolab.com/simidic/de_ur_kh.db",
        "size": "1.0 MB",
        "version": 1
    },
    {
        "name": "Français–Uru (K.Hannß)",
        "author": "Katja Hannß",
        "description": "Vocabulario Uru: Français-Uchumataqu, 2013.",
        "file": "fr_ur_kh.db",
        "url": "https://ketanolab.com/simidic/fr_ur_kh.db",
        "size": "862 KB",
        "version": 1
    }

]
