[
    {
        "name": "Castellano-Aymara (F.Layme)",
        "author": "Félix Layme Pairumani",
        "description": "Diccionario Bilingüe: Aymara – Castellano, 5a ed. versión actualizada y corregida, La Paz, Bolivia, 2011, 507pp.",
        "file": "es_ay_fe.db",
        "url": "http://www.illa-a.org/simidic/es_ay_fe.db",
        "size": "3.5 MB"
    },
    {
        "name": "Aymara–Castellano (F.Layme)",
        "author": "Félix Layme Pairumani",
        "description": "Diccionario Bilingüe: Aymara – Castellano, 5a ed. versión actualizada y corregida, La Paz, Bolivia, 2011, 507pp.",
        "file": "ay_es_fe.db",
        "url": "http://www.illa-a.org/simidic/ay_es_fe.db",
        "size": "2.1 MB"
    },
    {
        "name": "Castellano–Quechua (T.Laime)",
        "author": "Teófilo Laime Ajacopa",
        "description": "Diccionario Bilingüe, Iskay simipi yuyayk'ancha: Quechua – Castellano, Castellano – Quechua, La Paz, Bolivia, 2007, 444pp.",
        "file": "es_qu_te.db",
        "url": "http://www.illa-a.org/simidic/es_qu_te.db",
        "size": "861 KB"
    },
    {
        "name": "Quechua–Castellano (T.Laime)",
        "author": "Teófilo Laime Ajacopa",
        "description": "Diccionario Bilingüe, Iskay simipi yuyayk'ancha: Quechua – Castellano, Castellano – Quechua, La Paz, Bolivia, 2007, 444pp.",
        "file": "qu_es_te.db",
        "url": "http://www.illa-a.org/simidic/qu_es_te.db",
        "size": "1.5 MB"
    },
    {
        "name": "Guaraní–Castellano (HABLE Guaraní)",
        "author": "Comité HABLE Guaraní",
        "description": "Ñaneñee-Rɨru Diccionario: Guaraní – Castellano, 2a edición, Comité HABLE Guaraní, Charagua, Santa Cruz, Bolivia, 1996.",
        "file": "gn_es_co.db",
        "url": "http://www.illa-a.org/simidic/gn_es_co.db",
        "size": "872 KB"
    },
    {
        "name": "Castellano–Guaraní (HABLE Guaraní)",
        "author": "Comité HABLE Guaraní",
        "description": "Ñaneñee-Rɨru Diccionario: Castellano – Guaraní, 2a edición, Comité HABLE Guaraní, Charagua, Santa Cruz, Bolivia, 1996.",
        "file": "es_gn_co.db",
        "url": "http://www.illa-a.org/simidic/es_gn_co.db",
        "size": "811 KB"
    },
    {
        "name": "Aymara–Castellano (S.Callo)",
        "author": "Saturnino Callo Ticona",
        "description": "Diccionario Aymara-Castellano, Castellano-Aymara 'KAMISARAKI', 2a ed., Tacna, Perú, 2009. 507pp.",
        "file": "ay_es_sa.db",
        "url": "http://www.illa-a.org/simidic/ay_es_sa.db",
        "size": "2.2 MB"
    },
    {
        "name": "Castellano–Aymara (S.Callo)",
        "author": "Saturnino Callo Ticona",
        "description": "Diccionario Aymara-Castellano, Castellano-Aymara 'KAMISARAKI', 2a ed., Tacna, Perú, 2009, 507pp.",
        "file": "es_ay_sa.db",
        "url": "http://www.illa-a.org/simidic/es_ay_sa.db",
        "size": "1.5 MB"
    },
    {
        "name": "Guaraní–Castellano (Ortiz y Caurey)",
        "author": "Elio Ortiz y Elías Caurey",
        "description": "Diccionario etimológico y etnográfico de la lengua guaraní hablada en Bolivia (Guaraní-Español), Plural Editors, La Paz, Bolivia, 2011, 474pp.",
        "file": "gn_es_el.db",
        "url": "http://www.illa-a.org/simidic/gn_es_el.db",
        "size": "2.1 MB"
    },
    {
        "name": "Castellano–Guaraní (Ortiz y Caurey)",
        "author": "Elio Ortiz y Elías Caurey",
        "description": "Diccionario etimológico y etnográfico de la lengua guaraní hablada en Bolivia (Guaraní-Español), Plural Editors, La Paz, Bolivia, 2011, 474pp.",
        "file": "es_gn_el.db",
        "url": "http://www.illa-a.org/simidic/es_gn_el.db",
        "size": "115 KB"
    },
    {
        "name": "Castellano–QU,AY,GU (Min.Ed.Bolivia)",
        "author": "Ministerio de Educación de Bolivia",
        "description": "Arusimiñee: Castellano, Aymara, Guaraní, Quechua, Salustiano Ayma, José Barrientes, Gladys Márquez F., Ministerio de Educación de Bolivia, La Paz, 2004, 121pp",
        "file": "es_qu_mi.db",
        "url": "http://www.illa-a.org/simidic/es_qu_mi.db",
        "size": "797 KB"
    },
    {
        "name": "Quechua-ES,AY,GU (Min.Ed.Bolivia)",
        "author": "Ministerio de Educación de Bolivia",
        "description": "Salustiano Ayma, José Barrientes, Gladys Márquez F., Arusimiñee: Castellano, Aymara, Guaraní, Quechua, La Paz, 2004, 121pp",
        "file": "qu_es_mi.db",
        "url": "http://www.illa-a.org/simidic/qu_es_mi.db",
        "size": "968 KB"
    },
    {
        "name": "Aymara-ES,QU,GU (Min.Ed.Bolivia)",
        "author": "Ministerio de Educación de Bolivia",
        "description": "Salustiano Ayma, José Barrientes, Gladys Márquez F., Arusimiñee: Castellano, Aymara, Guaraní, Quechua, La Paz, 2004, 121pp",
        "file": "ay_es_mi.db",
        "url": "http://www.illa-a.org/simidic/ay_es_mi.db",
        "size": "870 KB"
    },
    {
        "name": "Guaraní–ES,QU,AY (Min.Ed.Bolivia)",
        "author": "Ministerio de Educación de Bolivia",
        "description": "Arusimiñee: Castellano, Aymara, Guaraní, Quechua, Salustiano Ayma, José Barrientes, Gladys Márquez F., Ministerio de Educación de Bolivia, La Paz, 2004, 121pp",
        "file": "gn_es_mi.db",
        "url": "http://www.illa-a.org/simidic/gn_es_mi.db",
        "size": "736 KB"
    },
    {
        "name": "Castellano–Quechua (AMLQ-Cusco)",
        "author": "Academia Mayor de la Lengua Quechua",
        "description": "Diccionario: Quechua - Español - Quechua, Qheswa - Español - Qheswa: Simi Taqe, 2da ed., Cusco, Perú, 2005, 928pp.",
        "file": "es_qu_am.db",
        "url": "http://www.illa-a.org/simidic/es_qu_am.db",
        "size": "937 KB"
    },
    {
        "name": "Quechua–Castellano (AMLQ-Cusco)",
        "author": "Academia Mayor de la Lengua Quechua",
        "description": "Diccionario: Quechua - Español - Quechua, Qheswa - Español - Qheswa: Simi Taqe, 2da ed., Cusco, Perú, 2005, 928pp.",
        "file": "qu_es_am.db",
        "url": "http://www.illa-a.org/simidic/qu_es_am.db",
        "size": "4.1 MB"
    },
    {
        "name": "Castellano–Quechua (AMLQ-Apurímac)",
        "author": "Academia Mayor de la Lengua Quechua filial Apurímac",
        "description": "Leoncio Gutiérrez Camacho, Leonidas Mantilla Gutiérrez y Shara Huaman Jullunila, Apurimaqpaq Runasimi Taqe, Diccionario de Quechua Apurimeño, Versión Preliminar, Abancay, Perú, feb. 2007, 130pp.",
        "file": "es_qu_ac.db",
        "url": "http://www.illa-a.org/simidic/es_qu_ac.db",
        "size": "263 KB"
    },
    {
        "name": "Quechua-Castellano (AMLQ-Apurímac)",
        "author": "Academia Mayor de la Lengua Quechua filial Apurímac",
        "description": "Leoncio Gutiérrez Camacho, Leonidas Mantilla Gutiérrez y Shara Huaman Jullunila, Apurimaqpaq Runasimi Taqe, Diccionario de Quechua Apurimeño, Versión Preliminar, Abancay, Perú, feb. 2007, 130pp.",
        "file": "qu_es_ac.db",
        "url": "http://www.illa-a.org/simidic/qu_es_ac.db",
        "size": "283 KB"
    },
    {
        "name": "Castellano-Quechua (G.Holguín)",
        "author": "Diego González Holguín",
        "description": "Vocabvlario de la Lengva General de todo Perv llamada lengua Qquichua, o del Inca, Lima, Perú, 1608 [1989], 707pp.",
        "file": "es_qu_di.db",
        "url": "http://www.illa-a.org/simidic/es_qu_di.db",
        "size": "1.3 MB"
    },
    {
        "name": "Quechua-Castellano (G.Holguín)",
        "author": "Diego González Holguín",
        "description": "Vocabvlario de la Lengva General de todo Perv llamada lengua Qquichua, o del Inca, Lima, Perú, 1608 [1989], 707pp.",
        "file": "qu_es_di.db",
        "url": "http://www.illa-a.org/simidic/qu_es_di.db",
        "size": "1.5 MB"
    },
    {
        "name": "Quechua-Castellano (R.Cerrón-Palomino)",
        "author": "Rodolfo Cerrón-Palomino",
        "description": "Quechua Sureño: Diccionario Unificado, Biblioteca Nacional del Perú: Lima, 1994, 139pp.",
        "file": "qu_es_ro.db",
        "url": "http://www.illa-a.org/simidic/qu_es_ro.db",
        "size": "331 KB"
    },
    {
        "name": "Castellano-Quechua (R.Cerrón-Palomino)",
        "author": "Rodolfo Cerrón-Palomino",
        "description": "Quechua Sureño: Diccionario Unificado, Biblioteca Nacional del Perú: Lima, 1994, 139pp.",
        "file": "es_qu_ro.db",
        "url": "http://www.illa-a.org/simidic/es_qu_ro.db",
        "size": "154 KB"
    },
{
        "name": "Castellano-Políglota (FCPFP)",
        "author": "Franciscanos de los Colegios de Propaganda Fide del Perú",
        "description": "Vocabulario Políglota Incaico: Comprende más de 12,000 voces castellanas y 100,000 de keshua del Cuzco, Ayacucho, Junín, Ancash y Aymará, Lima, Perú, 1905 [1998], 551pp.",
        "file": "es_po_fr.db",
        "url": "http://www.illa-a.org/simidic/es_po_fr.db",
        "size": "10.2 MB"
    },
{
        "name": "Quechua Cuzco-Políglota (FCPFP)",
        "author": "Franciscanos de los Colegios de Propaganda Fide del Perú",
        "description": "Vocabulario Políglota Incaico: Comprende más de 12,000 voces castellanas y 100,000 de keshua del Cuzco, Ayacucho, Junín, Ancash y Aymará, Lima, Perú, 1905 [1998], 551pp.",
        "file": "qz_po_fr.db",
        "url": "http://www.illa-a.org/simidic/qz_po_fr.db",
        "size": "18.3 MB"
    },
{
        "name": "Quechua Ayacucho-Políglota (FCPFP)",
        "author": "Franciscanos de los Colegios de Propaganda Fide del Perú",
        "description": "Vocabulario Políglota Incaico: Comprende más de 12,000 voces castellanas y 100,000 de keshua del Cuzco, Ayacucho, Junín, Ancash y Aymará, Lima, Perú, 1905 [1998], 551pp.",
        "file": "qy_po_fr.db",
        "url": "http://www.illa-a.org/simidic/qy_po_fr.db",
        "size": "21.9 MB"
    },
{
        "name": "Quechua Ancash-Políglota (FCPFP)",
        "author": "Franciscanos de los Colegios de Propaganda Fide del Perú",
        "description": "Vocabulario Políglota Incaico: Comprende más de 12,000 voces castellanas y 100,000 de keshua del Cuzco, Ayacucho, Junín, Ancash y Aymará, Lima, Perú, 1905 [1998], 551pp.",
        "file": "qn_po_fr.db",
        "url": "http://www.illa-a.org/simidic/qn_po_fr.db",
        "size": "17.2 MB"
    },
{
        "name": "Quechua Junín-Políglota (FCPFP)",
        "author": "Franciscanos de los Colegios de Propaganda Fide del Perú",
        "description": "Vocabulario Políglota Incaico: Comprende más de 12,000 voces castellanas y 100,000 de keshua del Cuzco, Ayacucho, Junín, Ancash y Aymará, Lima, Perú, 1905 [1998], 551pp.",
        "file": "qj_po_fr.db",
        "url": "http://www.illa-a.org/simidic/qj_po_fr.db",
        "size": "25.0 MB"
    },
{
        "name": "Aymara-Políglota (FCPFP)",
        "author": "Franciscanos de los Colegios de Propaganda Fide del Perú",
        "description": "Vocabulario Políglota Incaico: Comprende más de 12,000 voces castellanas y 100,000 de keshua del Cuzco, Ayacucho, Junín, Ancash y Aymará, Lima, Perú, 1905 [1998], 551pp.",
        "file": "ay_po_fr.db",
        "url": "http://www.illa-a.org/simidic/ay_po_fr.db",
        "size": "17.0 MB"
    },
{
        "name": "Quechua Cuzco (Min.Edu.Perú)",
        "author": "Nonato Rufino Chuquimamani Valer",
        "description": " Yachakuqkunapaq Simi Qullqa, Qusqu Qullaw, Chichwa Simipi, Ministerio de Educación, Lima, Perú, 2005, 218pp.",
        "file": "qz_qz_ed.db",
        "url": "http://www.illa-a.org/simidic/qz_qz_ed.db",
        "size": "799 KB"
    },
{
        "name": "Castellano-Quechua Cuzco (Min.Edu.Perú)",
        "author": "Nonato Rufino Chuquimamani Valer",
        "description": " Yachakuqkunapaq Simi Qullqa, Qusqu Qullaw, Chichwa Simipi, Ministerio de Educación, Lima, Perú, 2005, 218pp.",
        "file": "es_qz_ed.db",
        "url": "http://www.illa-a.org/simidic/es_qz_ed.db",
        "size": "61 KB"
    },
{
        "name": "Quechua Ayacucho (Min.Edu.Perú)",
        "author": "G. Palomino Rojas y G. R. Quintero Bendezú",
        "description": "Yachakuqkunapa Simi Qullqa, Ayakuchu Chanka, Qichwa Simipi, Ministerio de Educación, Lima, Perú, 2005, 145pp.",
        "file": "qy_qy_ed.db",
        "url": "http://www.illa-a.org/simidic/qy_qy_ed.db",
        "size": "419 KB"
    },
{
        "name": "Castellano-Quechua Ayacucho (Min.Edu.Perú)",
        "author": "G. Palomino Rojas y G. R. Quintero Bendezú",
        "description": "Yachakuqkunapa Simi Qullqa, Ayakuchu Chanka, Qichwa Simipi, Ministerio de Educación, Lima, Perú, 2005, 145pp.",
        "file": "es_qy_ed.db",
        "url": "http://www.illa-a.org/simidic/es_qy_ed.db",
        "size": "43 KB"
    },
{
        "name": "Quechua Ancash (Min.Edu.Perú)",
        "author": "Leonel Alexander Menacho López",
        "description": "Yachakuqkunapa Shimi Qullqa, Anqash Qichwa Shimichaw, Ministerio de Educación, Lima, Perú, 2005, 131pp.",
        "file": "qn_qn_ed.db",
        "url": "http://www.illa-a.org/simidic/qn_qn_ed.db",
        "size": "383 KB"
    },
{
        "name": "Castellano-Quechua Ancash (Min.Edu.Perú)",
        "author": "Leonel Alexander Menacho López",
        "description": "Yachakuqkunapa Shimi Qullqa, Anqash Qichwa Shimichaw, Ministerio de Educación, Lima, Perú, 2005, 131pp.",
        "file": "es_qn_ed.db",
        "url": "http://www.illa-a.org/simidic/es_qn_ed.db",
        "size": "37 KB"
    },
{
        "name": "Aymara (Min.Edu.Perú)",
        "author": "N. Apaza Suca, D. Condori Cruz, M. N. Ramos Rojas",
        "description": "Yatiqirinaka Aru Pirwa, Qullawa Aymara Aru, Ministerio de Educación, Lima, Perú, 2005, 141pp.",
        "file": "ay_ay_ed.db",
        "url": "http://www.illa-a.org/simidic/ay_ay_ed.db",
        "size": "455 KB"
    },
{
        "name": "Castellano-Aymara (Min.Edu.Perú)",
        "author": "N. Apaza Suca, D. Condori Cruz, M. N. Ramos Rojas",
        "description": "Yatiqirinaka Aru Pirwa, Qullawa Aymara Aru, Ministerio de Educación, Lima, Perú, 2005, 141pp.",
        "file": "es_ay_ed.db",
        "url": "http://www.illa-a.org/simidic/es_ay_ed.db",
        "size": "44 KB"
    },
{
        "name": "Uru-Castellano (K.Hannß)",
        "author": "Katja Hannß",
        "description": "Vocabulario Uru: Uchumataqu-Castellano, 2013.",
        "file": "ur_es_kh.db",
        "url": "http://www.illa-a.org/simidic/ur_es_kh.db",
        "size": "3.6 MB"
    },
{
        "name": "Castellano-Uru (K.Hannß)",
        "author": "Katja Hannß",
        "description": "Vocabulario Uru: Castellano-Uchumataqu, 2013.",
        "file": "es_ur_kh.db",
        "url": "http://www.illa-a.org/simidic/es_ur_kh.db",
        "size": "1.2 MB"
    },
{
        "name": "English-Uru (K.Hannß)",
        "author": "Katja Hannß",
        "description": "Vocabulario Uru: English-Uchumataqu, 2013.",
        "file": "en_ur_kh.db",
        "url": "http://www.illa-a.org/simidic/en_ur_kh.db",
        "size": "1.2 MB"
    },
{
        "name": "Deutsch-Uru (K.Hannß)",
        "author": "Katja Hannß",
        "description": "Vocabulario Uru: Deutsch-Uchumataqu, 2013.",
        "file": "de_ur_kh.db",
        "url": "http://www.illa-a.org/simidic/de_ur_kh.db",
        "size": "1.0 MB"
    },
{
        "name": "Français-Uru (K.Hannß)",
        "author": "Katja Hannß",
        "description": "Vocabulario Uru: Français-Uchumataqu, 2013.",
        "file": "fr_ur_kh.db",
        "url": "http://www.illa-a.org/simidic/fr_ur_kh.db",
        "size": "862 KB"
    },
{
        "name": "Takana-Castellano (CIPTA)",
        "author": "CIPTA y UMSS-PROEIB Andes",
        "description": "Alejandro Marupa Beyuma, et al., Mimi butsepi Takana-Kastillanu, Kastillanu-Takana: Diccionario Takana-Castellano, Castellano-Takana, Consejo Indígena de los Pueblos Takana, Bolivia, 2011, 206pp.",
        "file": "ta_es_ci.db",
        "url": "http://www.illa-a.org/simidic/ta_es_ci.db",
        "size": "961 KB"
    },
{
        "name": "Castellano-Takana (CIPTA)",
        "author": "CIPTA y UMSS-PROEIB Andes",
        "description": "Alejandro Marupa Beyuma, et al., Mimi butsepi Takana-Kastillanu, Kastillanu-Takana: Diccionario Takana-Castellano, Castellano-Takana, Consejo Indígena de los Pueblos Takana, Bolivia, 2011, 206pp.",
        "file": "es_ta_ci.db",
        "url": "http://www.illa-a.org/simidic/es_ta_ci.db",
        "size": "687 KB"
    },
{
        "name": "Mapuche–Castellano (Wixaleyiñ)",
        "author": "Educación Mapuche Wixaleyiñ",
        "description": "Vocabulario Mapuche-Castellano, http://sites.google.com/site/wixaleyin (2013), 96pp.",
        "file": "ma_es_wi.db",
        "url": "http://www.illa-a.org/simidic/ma_es_wi.db",
        "size": "314 KB"
    },
{
        "name": "Castellano–Mapuche (Wixaleyiñ)",
        "author": "Educación Mapuche Wixaleyiñ",
        "description": "Vocabulario Mapuche-Castellano, http://sites.google.com/site/wixaleyin (2013), 96pp.",
        "file": "es_ma_wi.db",
        "url": "http://www.illa-a.org/simidic/es_ma_wi.db",
        "size": "119 KB"
    },
{
        "name": "Tsimane'–Castellano (PEIB-Tsimane')",
        "author": "PEIB-Tsimane'",
        "description": "Cándido Nery, et al., Diccionario Tsimane', Programa de Educación Intercultural Bilingüe-Tsimane', Santa Cruz (2007), 161pp.",
        "file": "ts_es_pe.db",
        "url": "http://www.illa-a.org/simidic/ts_es_pe.db",
        "size": "348 KB"
    },
{
        "name": "Castellano–Tsimane' (PEIB-Tsimane')",
        "author": "PEIB-Tsimane'",
        "description": "Cándido Nery, et al., Diccionario Tsimane', Programa de Educación Intercultural Bilingüe-Tsimane', Santa Cruz (2007), 161pp.",
        "file": "es_ts_pe.db",
        "url": "http://www.illa-a.org/simidic/es_ts_pe.db",
        "size": "369 KB"
    },
{
        "name": "Movima–Castellano (PEIB-Movima)",
        "author": "PEIB-Movima",
        "description": "Melvin Rossel Yoqui, et al., Diccionario Movima, Programa de Educación Intercultural Bilingüe-Movima, Santa Cruz (2007), 72pp.",
        "file": "mo_es_pe.db",
        "url": "http://www.illa-a.org/simidic/mo_es_pe.db",
        "size": "176 KB"
    },
{
        "name": "Castellano–Movima (PEIB-Movima)",
        "author": "PEIB-Movima",
        "description": "Melvin Rossel Yoqui, et al., Diccionario Movima, Programa de Educación Intercultural Bilingüe-Movima, Santa Cruz (2007), 72pp.",
        "file": "es_mo_pe.db",
        "url": "http://www.illa-a.org/simidic/es_mo_pe.db",
        "size": "169 KB"
    },
{
        "name": "Castellano–Aymara (G.Callisaya)",
        "author": "Gregorio Callisaya A. et al.",
        "description": "Glosario de Nuevos Términos Aimaras, Universidad Mayor de San Andrés Tecnologias de Información y Comunicación (UMSATIC), La Paz, Bolivia, 2005, 18pp.",
        "file": "es_ay_gr.db",
        "url": "http://www.illa-a.org/simidic/es_ay_gr.db",
        "size": "115 KB"
    },
{
        "name": "Quechua Cochabambino–Castellano (Herrero y Sánchez de Lozada)",
        "author": "Joaquín Herrero S.J. y Federico Sánchez de Lozada",
        "description": "Diccionario Quechua: Estructura semántica del quechua cochabambino contemporáneo, Cochabamba, Bolivia, 1983, 581pp.",
        "file": "qu_es_jo.db",
        "url": "http://www.illa-a.org/simidic/qu_es_jo.db",
        "size": "12.6 MB"
    },
{
        "name": "Mosetén–Castellano (OPIM)",
        "author": "Organización de los Pueblos Indígenas Mosetén y UMSS–PROEIB Andes",
        "description": "Kirjka pheyakdye' tïmsi' tsinsi'khan kastellanokhan: Diccionario Mosetén-Castellano, Castellano-Mosetén, Cochabamba (2011), 131pp.",
        "file": "mo_es_or.db",
        "url": "http://www.illa-a.org/simidic/mo_es_or.db",
        "size": "448 KB"
    },
{
        "name": "Castellano–Mosetén (OPIM)",
        "author": "Organización de los Pueblos Indígenas Mosetén y UMSS–PROEIB Andes",
        "description": "Kirjka pheyakdye' tïmsi' tsinsi'khan kastellanokhan: Diccionario Mosetén-Castellano, Castellano-Mosetén, Cochabamba (2011), 131pp.",
        "file": "es_mo_or.db",
        "url": "http://www.illa-a.org/simidic/es_mo_or.db",
        "size": "373 KB"
    },
{
        "name": "Mochó–Castellano (A.Guzmán)",
        "author": "Alonso Guzmán",
        "description": "Manual Mochó Alonso Guzmán (2004)",
        "file": "mc_es_al.db",
        "url": "http://www.illa-a.org/simidic/mc_es_al.db",
        "size": "45 KB"
    },
{
        "name": "Castellano–Mochó (A.Guzmán)",
        "author": "Alonso Guzmán",
        "description": "Manual Mochó Alonso Guzmán (2004)",
        "file": "es_mc_al.db",
        "url": "http://www.illa-a.org/simidic/es_mc_al.db",
        "size": "45 KB"
    }

]
